{"cameraMode":{"drawMode":0,"name":"Shaded","section":"Shading Mode"},"sceneLighting":true,"audioPlay":false,"sceneViewState":{"showFog":true,"showMaterialUpdate":false,"showSkybox":true,"showFlares":true,"showImageEffects":true,"showParticleSystems":true},"in2DMode":false,"pivot":{"x":2.2282114028930666,"y":-1.3695154190063477,"z":1.089210033416748},"rotation":{"x":-0.5003365278244019,"y":0.4916241765022278,"z":-0.4367062747478485,"w":-0.5632554888725281},"size":8.64173412322998,"orthographic":false}