{"cameraMode":{"drawMode":0,"name":"Shaded","section":"Shading Mode"},"sceneLighting":true,"audioPlay":false,"sceneViewState":{"showFog":true,"showMaterialUpdate":false,"showSkybox":true,"showFlares":true,"showImageEffects":true,"showParticleSystems":true},"in2DMode":false,"pivot":{"x":0.01599999889731407,"y":0.4729999899864197,"z":0.2879999876022339},"rotation":{"x":-0.12829065322875977,"y":-0.7352223992347717,"z":0.1452128291130066,"w":-0.6495404839515686},"size":0.34383800625801089,"orthographic":false}