{"cameraMode":{"drawMode":0,"name":"Shaded","section":"Shading Mode"},"sceneLighting":true,"audioPlay":false,"sceneViewState":{"showFog":true,"showMaterialUpdate":false,"showSkybox":true,"showFlares":true,"showImageEffects":true,"showParticleSystems":true},"in2DMode":false,"pivot":{"x":14.4939603805542,"y":-0.26153564453125,"z":15.82846450805664},"rotation":{"x":-0.00820519682019949,"y":0.712754487991333,"z":-0.7013160586357117,"w":-0.008339010179042817},"size":132.9556884765625,"orthographic":false}