{"cameraMode":{"drawMode":0,"name":"Shaded","section":"Shading Mode"},"sceneLighting":true,"audioPlay":false,"sceneViewState":{"showFog":true,"showMaterialUpdate":false,"showSkybox":true,"showFlares":true,"showImageEffects":true,"showParticleSystems":true},"in2DMode":false,"pivot":{"x":2.0622646808624269,"y":-0.023672841489315034,"z":2.0266478061676027},"rotation":{"x":-0.45550283789634707,"y":0.5417752265930176,"z":-0.46127083897590639,"w":-0.5350010991096497},"size":6.387490749359131,"orthographic":false}